-- Seed data migration for testing
-- Run with: npx supabase db push

BEGIN;

-- Create temp test users in auth (bypassing email confirmation)
-- We'll insert directly into auth.users table

-- Insert test users into auth.users (these are fake IDs for testing)
INSERT INTO auth.users (id, email, encrypted_password, created_at, email_confirmed_at, phone, phone_confirmed_at)
VALUES 
  ('00000000-0000-0000-0000-000000000001', 'test1@test.com', 'fake', NOW(), NOW(), '+252610000001', NOW()),
  ('00000000-0000-0000-0000-000000000002', 'test2@test.com', 'fake', NOW(), NOW(), '+252610000002', NOW()),
  ('00000000-0000-0000-0000-000000000003', 'test3@test.com', 'fake', NOW(), NOW(), '+252610000003', NOW()),
  ('00000000-0000-0000-0000-000000000004', 'test4@test.com', 'fake', NOW(), NOW(), '+252610000004', NOW()),
  ('00000000-0000-0000-0000-000000000005', 'test5@test.com', 'fake', NOW(), NOW(), '+252610000005', NOW())
ON CONFLICT (id) DO NOTHING;

-- Insert profiles for customers
INSERT INTO public.profiles (id, phone, role, full_name)
VALUES 
  ('00000000-0000-0000-0000-000000000001', '+252610000001', 'customer', 'Ali Ahmed'),
  ('00000000-0000-0000-0000-000000000002', '+252610000002', 'customer', 'Fatima Ibrahim'),
  ('00000000-0000-0000-0000-000000000003', 'customer', 'Hassan Ali'),
  ('00000000-0000-0000-0000-000000000004', 'customer', 'Amina Mohamud'),
  ('00000000-0000-0000-0000-000000000005', 'customer', 'Abdirahman Yusuf')
ON CONFLICT (id) DO NOTHING;

-- Insert engineer users
INSERT INTO auth.users (id, email, encrypted_password, created_at, email_confirmed_at, phone, phone_confirmed_at)
VALUES 
  ('00000000-0000-0000-0000-000000000010', 'eng1@test.com', 'fake', NOW(), NOW(), '+252620000001', NOW()),
  ('00000000-0000-0000-0000-000000000011', 'eng2@test.com', 'fake', NOW(), NOW(), '+252620000002', NOW()),
  ('00000000-0000-0000-0000-000000000012', 'eng3@test.com', 'fake', NOW(), NOW(), '+252620000003', NOW())
ON CONFLICT (id) DO NOTHING;

-- Insert engineer profiles
INSERT INTO public.profiles (id, phone, role, full_name)
VALUES 
  ('00000000-0000-0000-0000-000000000010', '+252620000001', 'engineer', 'Ahmed Mohamed'),
  ('00000000-0000-0000-0000-000000000011', '+252620000002', 'engineer', 'Ibrahim Osman'),
  ('00000000-0000-0000-0000-000000000012', '+252620000003', 'engineer', 'Mohamed Abdi')
ON CONFLICT (id) DO NOTHING;

-- Insert engineers with locations in Mogadishu area
INSERT INTO public.engineers (id, user_id, license_number, is_verified, is_online, average_rating, current_lat, current_lng)
VALUES 
  ('00000000-0000-0000-0000-000000000010', '00000000-0000-0000-0000-000000000010', 'LIC-001', true, true, 4.5, 2.0469, 45.3182),
  ('00000000-0000-0000-0000-000000000011', '00000000-0000-0000-0000-000000000011', 'LIC-002', true, true, 4.8, 2.0569, 45.3282),
  ('00000000-0000-0000-0000-000000000012', '00000000-0000-0000-0000-000000000012', 'LIC-003', true, true, 4.2, 2.0369, 45.3382)
ON CONFLICT (id) DO NOTHING;

COMMIT;

-- Now insert jobs (separate transaction as it depends on above)
BEGIN;

-- Clean up existing test jobs
DELETE FROM public.payments WHERE job_id::text LIKE '%00000%';
DELETE FROM public.jobs WHERE id::text LIKE '%00000%';

-- 2 PENDING jobs
INSERT INTO public.jobs (id, customer_id, engineer_id, service_category, status, address, lat, lng, estimated_price, created_at, updated_at)
VALUES 
  ('11111111-1111-1111-1111-000000000001', '00000000-0000-0000-0000-000000000001', NULL, 'Electrical Repair', 'pending', 'Bakara Market, Mogadishu', 2.0419, 45.3122, 50.00, NOW() - interval '2 hours', NOW() - interval '2 hours'),
  
  ('22222222-2222-2222-2222-000000000002', '00000000-0000-0000-0000-000000000002', NULL, 'AC Installation', 'pending', 'Hodan District, Mogadishu', 2.0519, 45.3222, 150.00, NOW() - interval '1 hour', NOW() - interval '1 hour');

-- 2 ASSIGNED/in_progress jobs
INSERT INTO public.jobs (id, customer_id, engineer_id, service_category, status, address, lat, lng, estimated_price, created_at, updated_at)
VALUES 
  ('33333333-3333-3333-3333-000000000003', '00000000-0000-0000-0000-000000000003', '00000000-0000-0000-0000-000000000010', 'Wiring Installation', 'assigned', 'Waberi District, Mogadishu', 2.0489, 45.3322, 75.00, NOW() - interval '4 hours', NOW() - interval '3 hours'),
  
  ('44444444-4444-4444-4444-000000000004', '00000000-0000-0000-0000-000000000004', '00000000-0000-0000-0000-000000000011', 'Panel Upgrade', 'in_progress', 'Hamar Jajab District, Mogadishu', 2.0389, 45.3082, 120.00, NOW() - interval '5 hours', NOW() - interval '1 hour');

-- 1 COMPLETED job
INSERT INTO public.jobs (id, customer_id, engineer_id, service_category, status, address, lat, lng, estimated_price, final_price, created_at, updated_at)
VALUES 
  ('55555555-5555-5555-5555-000000000005', '00000000-0000-0000-0000-000000000005', '00000000-0000-0000-0000-000000000012', 'Generator Maintenance', 'completed', 'Khalifa District, Mogadishu', 2.0569, 45.3482, 80.00, 75.00, NOW() - interval '1 day', NOW() - interval '20 hours');

-- Payment for completed job
INSERT INTO public.payments (id, job_id, amount, method, status, created_at)
VALUES 
  ('11111111-1111-1111-1111-000000000010', '55555555-5555-5555-5555-000000000005', 75.00, 'ebirr', 'completed', NOW() - interval '20 hours');

COMMIT;

-- Verify
SELECT 'Jobs' as category, COUNT(*) as count FROM public.jobs WHERE id::text LIKE '%00000%'
UNION ALL SELECT 'Pending', COUNT(*) FROM public.jobs WHERE status = 'pending'
UNION ALL SELECT 'Active', COUNT(*) FROM public.jobs WHERE status IN ('assigned', 'in_progress')
UNION ALL SELECT 'Completed', COUNT(*) FROM public.jobs WHERE status = 'completed'
UNION ALL SELECT 'Engineers', COUNT(*) FROM public.engineers WHERE is_verified = true
UNION ALL SELECT 'Online', COUNT(*) FROM public.engineers WHERE is_online = true;